{
  "AWSTemplateFormatVersion": "2010-09-09",
  "Description":"CloudFomration template for Glue Job Creation",
  "Resources": {
    "glueetljob": {
      "Type": "AWS::Glue::Job",
      "Properties": {
        "Command": {
          "Name": "glueetl",
          "ScriptLocation": {
            "Fn::Join": [
              "",
              [
                "s3://awsglueudemycourse-datasoup-etl-artifacts/gluejob-artifacts/gluejob1",
                "/",
                "gluejob1script.py"
              ]
            ]
          }
        },
        "Role": "gluejobrole1",
        "DefaultArguments": {
          "--joblanguage": "python",
          "--enable-metrics": true,
          "--job-bookmark-option": "job-bookmark-disable",
          "--enable-continuous-cloudwatch-log": true,
          "--s3_destination_bucket": "wsglueudemycourse-datasoup-etl-targets"
        },
        "Description": "First glue job for the glue pipeline",
        "ExecutionProperty": {
          "MaxConcurrentRuns": 1
        },
        "GlueVersion": "3.0",
        "MaxRetries": 2,
        "Name": "gluejob1",
        "NumberOfWorkers": 15,
        "WorkerType": "G.2X"
      }
    }
  }
}